[
  {
    "id": 1,
    "title": "Assignment 1",
    "description": "",
    "file": "assignment_1.pdf",
    "due_date": "2025-11-29",
    "created_by": "teacher",
    "created_at": "2025-11-22 12:18"
  },
  {
    "id": 2,
    "title": "Assignment1",
    "description": "",
    "file": "assignment_2.pdf",
    "due_date": "2025-11-28",
    "created_by": "teacher49",
    "created_at": "2025-11-23 23:38"
  },
  {
    "id": 3,
    "title": "assignment1",
    "description": "",
    "file": "assignment_3.pdf",
    "due_date": "2025-11-30",
    "created_by": "teacher16",
    "created_at": "2025-11-24 02:16"
  },
  {
    "id": 4,
    "title": "assignment2",
    "description": "",
    "file": "assignment_4.pdf",
    "due_date": "2025-12-06",
    "created_by": "teacher16",
    "created_at": "2025-11-24 02:35"
  }
]