[
  {
    "filename": "ass1_student_5.py",
    "marks": 68.0,
    "out_of": 100.0,
    "feedback": "",
    "graded_at": "2025-11-22 13:18",
    "graded_by": "teacher"
  },
  {
    "filename": "ass1_student_ASSIGNMENT1.pdf",
    "marks": 62.0,
    "out_of": 100.0,
    "feedback": "",
    "graded_at": "2025-11-22 13:18",
    "graded_by": "teacher"
  },
  {
    "filename": "ass3_student8_picture.pdf",
    "marks": 92.0,
    "out_of": 100.0,
    "feedback": "",
    "graded_by": "teacher16",
    "graded_at": "2025-11-24 02:32"
  },
  {
    "filename": "ass3_student16_Assignment_5.2.pdf",
    "marks": 97.0,
    "out_of": 100.0,
    "feedback": "",
    "graded_by": "teacher16"
  },
  {
    "filename": "ass3_student6_p1.pdf",
    "marks": 94.0,
    "out_of": 100.0,
    "feedback": "",
    "graded_by": "teacher16"
  }
]